{"Device": {"EventResponses": {"Primary": {"iPad": [38, 8.77], "Android Smartphone": [118, 36.76], "Android Tablet": [3, 7.08], "iPod": [0, 0.0], "Desktop": [66, 9.8], "Other": [2, 0.89], "iPhone": [298, 21.195]}, "General": {"iPad": [61, 3.4], "Android Smartphone": [140, 3.286862745098], "Android Tablet": [8, 2.85], "iPod": [0, 0.0], "Desktop": [74, 2.5632653061224], "Other": [0, 0.0], "iPhone": [286, 2.7262814070352]}}, "LeadGeneration": {"Primary": {"iPad": [0, 0.0], "Android Smartphone": [161, 1.8306211180124], "Android Tablet": [14, 1.8507142857143], "iPod": [1, 0.42], "Desktop": [23, 2.2134782608696], "Other": [8, 1.50875], "iPhone": [98, 2.3397959183673]}, "General": {"iPad": [0, 0.0], "Android Smartphone": [31, 37.42], "Android Tablet": [3, 3.96], "iPod": [0, 0.0], "Desktop": [32, 18.59], "Other": [0, 0.0], "iPhone": [75, 7.7914285714286]}}}, "Gender": {"EventResponses": {"Primary": {"unknown": [11, 1.1614285714286], "male": [188, 28.67], "female": [326, 23.443333333333]}, "General": {"unknown": [10, 2.71], "male": [187, 4.55], "female": [375, 5.81]}}, "LeadGeneration": {"Primary": {"unknown": [3, 1.19], "male": [73, 2.3058904109589], "female": [229, 1.9297379912664]}, "General": {"unknown": [0, 0.0], "male": [60, 20.35], "female": [97, 20.44]}}}, "Age": {"EventResponses": {"Primary": {"55-64": [149, 26.69], "25-34": [33, 7.37], "65+": [120, 13.82], "18-24": [14, 6.04], "45-54": [127, 10.625], "35-44": [82, 9.58]}, "General": {"55-64": [145, 3.350206185567], "25-34": [34, 3.1929166666667], "65+": [154, 3.17], "18-24": [13, 4.445], "45-54": [137, 2.6881481481481], "35-44": [86, 2.4047619047619]}}, "LeadGeneration": {"Primary": {"55-64": [99, 1.8978787878788], "25-34": [7, 2.1014285714286], "65+": [153, 1.9739869281046], "18-24": [1, 6.69], "45-54": [38, 2.1155263157895], "35-44": [7, 3.1571428571429]}, "General": {"55-64": [40, 7.2477142857143], "25-34": [2, 11.795], "65+": [75, 17.88], "18-24": [0, 0.0], "45-54": [17, 19.06], "35-44": [7, 8.0057142857143]}}}, "TOD": {"EventResponses": {"Primary": {"06:00:00 - 06:59:59": [32, 3.46], "03:00:00 - 03:59:59": [6, 0.64], "23:00:00 - 23:59:59": [8, 1.06], "07:00:00 - 07:59:59": [26, 5.5], "04:00:00 - 04:59:59": [4, 1.08], "00:00:00 - 00:59:59": [11, 1.48], "05:00:00 - 05:59:59": [7, 1.87], "21:00:00 - 21:59:59": [35, 7.01], "22:00:00 - 22:59:59": [24, 3.98], "13:00:00 - 13:59:59": [19, 2.95], "10:00:00 - 10:59:59": [23, 4.63], "20:00:00 - 20:59:59": [39, 7.58], "02:00:00 - 02:59:59": [3, 0.23], "14:00:00 - 14:59:59": [26, 4.33], "08:00:00 - 08:59:59": [32, 6.23], "19:00:00 - 19:59:59": [37, 6.52], "09:00:00 - 09:59:59": [15, 3.96], "17:00:00 - 17:59:59": [25, 5.48], "18:00:00 - 18:59:59": [45, 3.38], "11:00:00 - 11:59:59": [20, 3.1], "01:00:00 - 01:59:59": [7, 0.96], "15:00:00 - 15:59:59": [34, 4.21], "16:00:00 - 16:59:59": [36, 5.71], "12:00:00 - 12:59:59": [24, 5.12]}, "General": {"06:00:00 - 06:59:59": [43, 4.3333333333333], "03:00:00 - 03:59:59": [4, 1.28], "23:00:00 - 23:59:59": [19, 7.0], "07:00:00 - 07:59:59": [33, 7.02], "04:00:00 - 04:59:59": [3, 4.55], "00:00:00 - 00:59:59": [9, 4.79], "05:00:00 - 05:59:59": [10, 5.235], "21:00:00 - 21:59:59": [43, 6.1675], "22:00:00 - 22:59:59": [30, 9.07], "13:00:00 - 13:59:59": [28, 11.69], "10:00:00 - 10:59:59": [18, 7.58], "20:00:00 - 20:59:59": [49, 4.446], "02:00:00 - 02:59:59": [4, 2.12], "14:00:00 - 14:59:59": [26, 5.0733333333333], "08:00:00 - 08:59:59": [23, 5.7366666666667], "19:00:00 - 19:59:59": [38, 5.185], "09:00:00 - 09:59:59": [25, 5.745], "17:00:00 - 17:59:59": [31, 6.6533333333333], "18:00:00 - 18:59:59": [36, 3.2733333333333], "11:00:00 - 11:59:59": [18, 3.73], "01:00:00 - 01:59:59": [5, 3.73], "15:00:00 - 15:59:59": [30, 5.9033333333333], "16:00:00 - 16:59:59": [26, 9.54], "12:00:00 - 12:59:59": [21, 8.0]}}, "LeadGeneration": {"Primary": {"06:00:00 - 06:59:59": [77, 2.12], "03:00:00 - 03:59:59": [24, 0.7775], "23:00:00 - 23:59:59": [58, 2.75], "07:00:00 - 07:59:59": [125, 2.56], "04:00:00 - 04:59:59": [43, 2.6], "00:00:00 - 00:59:59": [51, 1.93], "05:00:00 - 05:59:59": [50, 2.74], "21:00:00 - 21:59:59": [129, 3.27], "22:00:00 - 22:59:59": [97, 2.23], "13:00:00 - 13:59:59": [104, 3.31], "10:00:00 - 10:59:59": [125, 3.05], "20:00:00 - 20:59:59": [138, 3.26], "02:00:00 - 02:59:59": [11, 1.025], "14:00:00 - 14:59:59": [120, 3.06], "08:00:00 - 08:59:59": [120, 2.24], "19:00:00 - 19:59:59": [160, 4.05], "09:00:00 - 09:59:59": [127, 2.79], "17:00:00 - 17:59:59": [175, 3.53], "18:00:00 - 18:59:59": [134, 2.68], "11:00:00 - 11:59:59": [117, 3.01], "01:00:00 - 01:59:59": [39, 1.39], "15:00:00 - 15:59:59": [127, 4.15], "16:00:00 - 16:59:59": [116, 3.0], "12:00:00 - 12:59:59": [104, 3.17]}, "General": {"06:00:00 - 06:59:59": [9, 6.02], "03:00:00 - 03:59:59": [0, 0.0], "23:00:00 - 23:59:59": [3, 1.13], "07:00:00 - 07:59:59": [5, 4.7], "04:00:00 - 04:59:59": [1, 1.1], "00:00:00 - 00:59:59": [1, 2.48], "05:00:00 - 05:59:59": [3, 4.75], "21:00:00 - 21:59:59": [11, 4.47], "22:00:00 - 22:59:59": [7, 5.03], "13:00:00 - 13:59:59": [7, 3.15], "10:00:00 - 10:59:59": [4, 6.94], "20:00:00 - 20:59:59": [8, 4.335], "02:00:00 - 02:59:59": [4, 1.92], "14:00:00 - 14:59:59": [6, 8.26], "08:00:00 - 08:59:59": [8, 6.64], "19:00:00 - 19:59:59": [11, 4.23], "09:00:00 - 09:59:59": [13, 6.72], "17:00:00 - 17:59:59": [18, 5.54], "18:00:00 - 18:59:59": [6, 5.98], "11:00:00 - 11:59:59": [8, 7.68], "01:00:00 - 01:59:59": [1, 0.95], "15:00:00 - 15:59:59": [9, 5.82], "16:00:00 - 16:59:59": [6, 8.14], "12:00:00 - 12:59:59": [8, 4.15]}}}}