{"3mo": {"Carol Stream": {"male": 0.01107011070110701, "female": 0.025101214574898785}, "Sleepy Hollow": {"male": 0, "female": 0}, "Lake in the Hills": {"male": 0, "female": 0}, "Gilberts": {"male": 0, "female": 0}, "Crystal Lake": {"male": 0.016236162361623615, "female": 0.025910931174089068}, "Wheaton": {"male": 0.09667896678966789, "female": 0.1368421052631579}, "Oakwood Hills": {"male": 0, "female": 0}, "Lisle": {"male": 0.0, "female": 0.019433198380566803}, "West Dundee": {"male": 0, "female": 0}, "Palatine": {"male": 0.008856088560885609, "female": 0.012955465587044534}, "Wayne": {"male": 0, "female": 0}, "Winfield": {"male": 0, "female": 0}, "East Dundee": {"male": 0, "female": 0}, "Downers Grove": {"male": 0.08782287822878229, "female": 0.08663967611336032}, "Hawthorn Woods": {"male": 0, "female": 0}, "Lombard": {"male": 0.008856088560885609, "female": 0.017813765182186234}, "Cary": {"male": 0.45904059040590406, "female": 0.3303643724696356}, "Tower Lakes": {"male": 0, "female": 0}, "Lakewood": {"male": 0, "female": 0}, "Inverness": {"male": 0, "female": 0}, "Glen Ellyn": {"male": 0.03837638376383764, "female": 0.06558704453441296}, "Burr Ridge": {"male": 0, "female": 0}, "Willowbrook": {"male": 0, "female": 0}, "Oak Brook": {"male": 0, "female": 0}, "Bartlett": {"male": 0.008856088560885609, "female": 0.022672064777327937}, "West Chicago": {"male": 0, "female": 0}, "Barrington": {"male": 0.014022140221402213, "female": 0.022672064777327937}, "Forest Lake": {"male": 0, "female": 0}, "St. Charles": {"male": 0.1077490774907749, "female": 0.05344129554655871}, "Hoffman Estates": {"male": 0, "female": 0}, "Westmont": {"male": 0.01845018450184502, "female": 0.011336032388663968}, "Barrington Hills": {"male": 0, "female": 0}, "Algonquin": {"male": 0.014760147601476014, "female": 0.012145748987854251}, "Hinsdale": {"male": 0.028782287822878228, "female": 0.04696356275303644}, "Warrenville": {"male": 0, "female": 0}, "Carpentersville": {"male": 0, "female": 0}, "Trout Valley": {"male": 0, "female": 0}, "Oakbrook Terrace": {"male": 0, "female": 0}, "Elgin": {"male": 0.025092250922509225, "female": 0.01862348178137652}, "Rolling Meadows": {"male": 0, "female": 0}, "North Barrington": {"male": 0, "female": 0}, "Port Barrington": {"male": 0, "female": 0}, "Long Grove": {"male": 0, "female": 0}, "South Elgin": {"male": 0.011808118081180811, "female": 0.010526315789473684}, "Kildeer": {"male": 0, "female": 0}, "South Barrington": {"male": 0, "female": 0}, "Clarendon Hills": {"male": 0, "female": 0}, "Fox River Grove": {"male": 0, "female": 0}, "Deer Park": {"male": 0, "female": 0}, "Lake Barrington": {"male": 0, "female": 0}, "Lake Zurich": {"male": 0.028782287822878228, "female": 0.0437246963562753}, "Naperville": {"male": 0.014760147601476014, "female": 0.02186234817813765}, "Darien": {"male": 0.0, "female": 0.015384615384615385}}, "1mo": {"Carol Stream": {"male": 0.01107011070110701, "female": 0.025101214574898785}, "Sleepy Hollow": {"male": 0, "female": 0}, "Lake in the Hills": {"male": 0, "female": 0}, "Gilberts": {"male": 0, "female": 0}, "Crystal Lake": {"male": 0.016236162361623615, "female": 0.025910931174089068}, "Wheaton": {"male": 0.09667896678966789, "female": 0.1368421052631579}, "Oakwood Hills": {"male": 0, "female": 0}, "Lisle": {"male": 0.0, "female": 0.019433198380566803}, "West Dundee": {"male": 0, "female": 0}, "Palatine": {"male": 0.008856088560885609, "female": 0.012955465587044534}, "Wayne": {"male": 0, "female": 0}, "Winfield": {"male": 0, "female": 0}, "East Dundee": {"male": 0, "female": 0}, "Downers Grove": {"male": 0.08782287822878229, "female": 0.08663967611336032}, "Hawthorn Woods": {"male": 0, "female": 0}, "Lombard": {"male": 0.008856088560885609, "female": 0.017813765182186234}, "Cary": {"male": 0.45904059040590406, "female": 0.3303643724696356}, "Tower Lakes": {"male": 0, "female": 0}, "Lakewood": {"male": 0, "female": 0}, "Inverness": {"male": 0, "female": 0}, "Glen Ellyn": {"male": 0.03837638376383764, "female": 0.06558704453441296}, "Burr Ridge": {"male": 0, "female": 0}, "Willowbrook": {"male": 0, "female": 0}, "Oak Brook": {"male": 0, "female": 0}, "Bartlett": {"male": 0.008856088560885609, "female": 0.022672064777327937}, "West Chicago": {"male": 0, "female": 0}, "Barrington": {"male": 0.014022140221402213, "female": 0.022672064777327937}, "Forest Lake": {"male": 0, "female": 0}, "St. Charles": {"male": 0.1077490774907749, "female": 0.05344129554655871}, "Hoffman Estates": {"male": 0, "female": 0}, "Westmont": {"male": 0.01845018450184502, "female": 0.011336032388663968}, "Barrington Hills": {"male": 0, "female": 0}, "Algonquin": {"male": 0.014760147601476014, "female": 0.012145748987854251}, "Hinsdale": {"male": 0.028782287822878228, "female": 0.04696356275303644}, "Warrenville": {"male": 0, "female": 0}, "Carpentersville": {"male": 0, "female": 0}, "Trout Valley": {"male": 0, "female": 0}, "Oakbrook Terrace": {"male": 0, "female": 0}, "Elgin": {"male": 0.025092250922509225, "female": 0.01862348178137652}, "Rolling Meadows": {"male": 0, "female": 0}, "North Barrington": {"male": 0, "female": 0}, "Port Barrington": {"male": 0, "female": 0}, "Long Grove": {"male": 0, "female": 0}, "South Elgin": {"male": 0.011808118081180811, "female": 0.010526315789473684}, "Kildeer": {"male": 0, "female": 0}, "South Barrington": {"male": 0, "female": 0}, "Clarendon Hills": {"male": 0, "female": 0}, "Fox River Grove": {"male": 0, "female": 0}, "Deer Park": {"male": 0, "female": 0}, "Lake Barrington": {"male": 0, "female": 0}, "Lake Zurich": {"male": 0.028782287822878228, "female": 0.0437246963562753}, "Naperville": {"male": 0.014760147601476014, "female": 0.02186234817813765}, "Darien": {"male": 0.0, "female": 0.015384615384615385}}, "1yr": {"Carol Stream": {"male": 0.01107011070110701, "female": 0.025101214574898785}, "Sleepy Hollow": {"male": 0, "female": 0}, "Lake in the Hills": {"male": 0, "female": 0}, "Gilberts": {"male": 0, "female": 0}, "Crystal Lake": {"male": 0.016236162361623615, "female": 0.025910931174089068}, "Wheaton": {"male": 0.09667896678966789, "female": 0.1368421052631579}, "Oakwood Hills": {"male": 0, "female": 0}, "Lisle": {"male": 0.0, "female": 0.019433198380566803}, "West Dundee": {"male": 0, "female": 0}, "Palatine": {"male": 0.008856088560885609, "female": 0.012955465587044534}, "Wayne": {"male": 0, "female": 0}, "Winfield": {"male": 0, "female": 0}, "East Dundee": {"male": 0, "female": 0}, "Downers Grove": {"male": 0.08782287822878229, "female": 0.08663967611336032}, "Hawthorn Woods": {"male": 0, "female": 0}, "Lombard": {"male": 0.008856088560885609, "female": 0.017813765182186234}, "Cary": {"male": 0.45904059040590406, "female": 0.3303643724696356}, "Tower Lakes": {"male": 0, "female": 0}, "Lakewood": {"male": 0, "female": 0}, "Inverness": {"male": 0, "female": 0}, "Glen Ellyn": {"male": 0.03837638376383764, "female": 0.06558704453441296}, "Burr Ridge": {"male": 0, "female": 0}, "Willowbrook": {"male": 0, "female": 0}, "Oak Brook": {"male": 0, "female": 0}, "Bartlett": {"male": 0.008856088560885609, "female": 0.022672064777327937}, "West Chicago": {"male": 0, "female": 0}, "Barrington": {"male": 0.014022140221402213, "female": 0.022672064777327937}, "Forest Lake": {"male": 0, "female": 0}, "St. Charles": {"male": 0.1077490774907749, "female": 0.05344129554655871}, "Hoffman Estates": {"male": 0, "female": 0}, "Westmont": {"male": 0.01845018450184502, "female": 0.011336032388663968}, "Barrington Hills": {"male": 0, "female": 0}, "Algonquin": {"male": 0.014760147601476014, "female": 0.012145748987854251}, "Hinsdale": {"male": 0.028782287822878228, "female": 0.04696356275303644}, "Warrenville": {"male": 0, "female": 0}, "Carpentersville": {"male": 0, "female": 0}, "Trout Valley": {"male": 0, "female": 0}, "Oakbrook Terrace": {"male": 0, "female": 0}, "Elgin": {"male": 0.025092250922509225, "female": 0.01862348178137652}, "Rolling Meadows": {"male": 0, "female": 0}, "North Barrington": {"male": 0,